{
	"RepetitionTime": 3.07,
	"EchoTime": 0.037,
	"FlipAngle": 90,
	"SliceTiming": [0,0.4175,0.08249999999,0.5,0.1675,0.5825,0.25,0.6675,0.3325,0,0.4175,0.08249999999,0.5,0.1675,0.5825,0.25,0.6675,0.3325,0,0.4175,0.08249999999,0.5,0.1675,0.5825,0.25,0.6675,0.3325,0,0.4175,0.08249999999,0.5,0.1675,0.5825,0.25,0.6675,0.3325,0,0.4175,0.08249999999,0.5,0.1675,0.5825,0.25,0.6675,0.3325,0,0.4175,0.08249999999,0.5,0.1675,0.5825,0.25,0.6675,0.3325,0,0.4175,0.08249999999,0.5,0.1675,0.5825,0.25,0.6675,0.3325,0,0.4175,0.08249999999,0.5,0.1675,0.5825,0.25,0.6675,0.3325],
	"EffectiveEchoSpacing": 0.0005800087233,
	"PhaseEncodingDirection": "j-",
	"TaskName": "SESS05"
}
